country,year,unemployment_rate_advanced_education_male
European Union,2023,3.88420596304334
European Union,2022,4.16317692647954
European Union,2021,4.88429206929661
European Union,2020,5.15465439944885
European Union,2019,4.71998339826729
European Union,2018,4.90371278870236
European Union,2017,5.40731717845073
European Union,2016,6.06831001614121
European Union,2015,6.93914209271769
European Union,2014,7.70156826321954
European Union,2013,8.41058256048602
European Union,2012,7.78774029263989
European Union,2011,6.67480188439843
European Union,2010,6.03542641522575
European Union,2009,5.53441078645597
European Union,2008,3.72310707458243
European Union,2007,3.8179297006227
European Union,2006,4.36777120706558
European Union,2005,5.04250602324274
European Union,2004,5.13936197138695
European Union,2003,5.0616562712918
European Union,2002,4.68316760350839
European Union,2001,4.31382399127622
European Union,2000,4.51296052979153
